employee_id,username,name,email,password,department,designation
TCH035,anand.srinivasan,Anand Srinivasan,anand.srinivasan@college.test,ihw3MmM8br,Chemistry,Assistant Professor
TCH036,bhuvana.srinivasan,Bhuvana Srinivasan,bhuvana.srinivasan@college.test,iMi3xBU0u6,Chemistry,Assistant Professor
TCH037,charu.srinivasan,Charu Srinivasan,charu.srinivasan@college.test,AC8ebB2f27,Chemistry,Assistant Professor
TCH038,devi.srinivasan,Devi Srinivasan,devi.srinivasan@college.test,cobDkNnXqi,Chemistry,Assistant Professor
TCH039,ezhilan.srinivasan,Ezhilan Srinivasan,ezhilan.srinivasan@college.test,6ZKQjCt9OY,Civil,Assistant Professor
TCH040,gomathi.srinivasan,Gomathi Srinivasan,gomathi.srinivasan@college.test,SsuNX7DVlO,Civil,Assistant Professor
TCH041,hariharan.srinivasan,Hariharan Srinivasan,hariharan.srinivasan@college.test,YShP03bp8E,Civil,Assistant Professor
TCH042,ilavarasi.srinivasan,Ilavarasi Srinivasan,ilavarasi.srinivasan@college.test,IiKKFxLTvy,Computer Science,Assistant Professor
TCH043,jayanthi.srinivasan,Jayanthi Srinivasan,jayanthi.srinivasan@college.test,7NJJQ3BxU2,Computer Science,Assistant Professor
TCH044,kalaiselvi.srinivasan,Kalaiselvi Srinivasan,kalaiselvi.srinivasan@college.test,VArsZtUQ0t,Computer Science,Assistant Professor
TCH045,latha.srinivasan,Latha Srinivasan,latha.srinivasan@college.test,tOuTmBV042,Computer Science,Assistant Professor
TCH046,mahesh.srinivasan,Mahesh Srinivasan,mahesh.srinivasan@college.test,1FfmL3xVgq,Electrical and Electronics,Assistant Professor
TCH047,nirmala.srinivasan,Nirmala Srinivasan,nirmala.srinivasan@college.test,1WDNPOXr5a,Electrical and Electronics,Assistant Professor
TCH048,padmini.srinivasan,Padmini Srinivasan,padmini.srinivasan@college.test,5CHffiCpsq,Electrical and Electronics,Assistant Professor
TCH049,raghavan.srinivasan,Raghavan Srinivasan,raghavan.srinivasan@college.test,VSUizVfDYO,Electrical and Electronics,Assistant Professor
TCH050,saraswathi.srinivasan,Saraswathi Srinivasan,saraswathi.srinivasan@college.test,KoRo3D4ef6,Electronics and Communication,Assistant Professor
TCH051,thilagavathi.srinivasan,Thilagavathi Srinivasan,thilagavathi.srinivasan@college.test,ZJkoXvUBRe,Electronics and Communication,Assistant Professor
TCH052,usha.srinivasan,Usha Srinivasan,usha.srinivasan@college.test,VBzQsziV0I,Electronics and Communication,Assistant Professor
TCH053,vasanthi.srinivasan,Vasanthi Srinivasan,vasanthi.srinivasan@college.test,rrLQBOF2id,Electronics and Communication,Assistant Professor
TCH054,yogesh.srinivasan,Yogesh Srinivasan,yogesh.srinivasan@college.test,6SxOMZDrQC,English,Assistant Professor
TCH055,aravind.srinivasan,Aravind Srinivasan,aravind.srinivasan@college.test,6anjzKIUDm,English,Assistant Professor
TCH056,bhavani.srinivasan,Bhavani Srinivasan,bhavani.srinivasan@college.test,2s0i6iQZgs,English,Assistant Professor
TCH057,chandrika.srinivasan,Chandrika Srinivasan,chandrika.srinivasan@college.test,dnTTtPT3gd,English,Assistant Professor
TCH058,dhanalakshmi.srinivasan,Dhanalakshmi Srinivasan,dhanalakshmi.srinivasan@college.test,0N3HHmFvlc,Information Technology,Assistant Professor
TCH059,elavarasan.srinivasan,Elavarasan Srinivasan,elavarasan.srinivasan@college.test,wAMoPThFOp,Information Technology,Assistant Professor
TCH060,geetha.srinivasan,Geetha Srinivasan,geetha.srinivasan@college.test,2sxZ5G4qx3,Information Technology,Assistant Professor
TCH061,hemalatha.srinivasan,Hemalatha Srinivasan,hemalatha.srinivasan@college.test,FufTT94XfX,Information Technology,Assistant Professor
TCH062,indira.srinivasan,Indira Srinivasan,indira.srinivasan@college.test,WDqlPFTNgF,Mathematics,Assistant Professor
TCH063,jothi.srinivasan,Jothi Srinivasan,jothi.srinivasan@college.test,pLwUBdamaR,Mathematics,Assistant Professor
TCH064,kalyani.srinivasan,Kalyani Srinivasan,kalyani.srinivasan@college.test,iKRIp2ZxSA,Mathematics,Assistant Professor
TCH065,manimekalai.srinivasan,Manimekalai Srinivasan,manimekalai.srinivasan@college.test,QXdzGUAdcT,Mathematics,Assistant Professor
TCH066,nagarajan.srinivasan,Nagarajan Srinivasan,nagarajan.srinivasan@college.test,bHvrgfiHL9,Mechanical,Assistant Professor
TCH067,parthiban.srinivasan,Parthiban Srinivasan,parthiban.srinivasan@college.test,tbhXprMPUq,Mechanical,Assistant Professor
TCH068,revathi.srinivasan,Revathi Srinivasan,revathi.srinivasan@college.test,k7XfNlet8f,Mechanical,Assistant Professor
TCH069,sivakumar.srinivasan,Sivakumar Srinivasan,sivakumar.srinivasan@college.test,rJBCwTh4f1,Mechanical,Assistant Professor
TCH070,tamilarasi.srinivasan,Tamilarasi Srinivasan,tamilarasi.srinivasan@college.test,xSPuphmbjH,Physics,Assistant Professor
TCH071,umadevi.srinivasan,Umadevi Srinivasan,umadevi.srinivasan@college.test,QKVEmz28Uw,Physics,Assistant Professor
TCH072,vijayalakshmi.srinivasan,Vijayalakshmi Srinivasan,vijayalakshmi.srinivasan@college.test,tf9eBkoBmo,Physics,Assistant Professor
TCH073,anbu.srinivasan,Anbu Srinivasan,anbu.srinivasan@college.test,onmCf6WRtC,Physics,Assistant Professor
TCH074,balamurugan.srinivasan,Balamurugan Srinivasan,balamurugan.srinivasan@college.test,twBGJ3aCVX,Tamil,Assistant Professor
TCH075,chitradevi.srinivasan,Chitradevi Srinivasan,chitradevi.srinivasan@college.test,FZJQVdokYf,Tamil,Assistant Professor
TCH076,dhivya.srinivasan,Dhivya Srinivasan,dhivya.srinivasan@college.test,ROGAmg9Nwk,Tamil,Assistant Professor
TCH077,ezhilarasi.srinivasan,Ezhilarasi Srinivasan,ezhilarasi.srinivasan@college.test,tCj40UyuOF,Tamil,Assistant Professor
